屠龙记, 2
金庸, 3
小学生, 2
邹韬奋, 1
忆语, 1
邹先生, 1
温馨, 4
恩仇录, 2
古龙, 1
倪匡, 1
白鹿, 1
神侠倚, 1
唐人, 1
聂隐娘, 3
武功, 909
西风, 1
鹿鼎记, 1
韦小宝, 1
陈家洛, 1
蒙古人, 30
和尚, 175
宋辽, 1
元明, 1
思君, 1
白锦, 1
玉树, 2
灵秀, 2
万蕊, 1
清英, 2
卓荦, 2
真七子, 1
小龙女, 6
雪裹琼, 1
大侠, 30
龙姊姊, 4
郭靖, 15
黄蓉, 11
小东邪, 4
高宗, 1
少林寺, 275
郭襄骑, 1
飞珠溅玉, 1
碧瓦, 1
武学之, 11
高僧, 89
森森, 4
唐太宗, 4
嘉许, 1
立功, 10
秦王, 1
王世充, 1
大将军, 7
紫罗, 1
郭襄自, 2
东至西, 1
托人, 2
郭襄听, 12
郭襄, 130
小女子, 15
郭襄知, 2
左掌伸, 1
郭襄见, 11
明白, 204
郭襄大, 7
郭襄忽, 1
郭襄心, 21
钟声, 3
张君宝, 80
郭襄笑, 11
郭襄道, 28
何劳, 3
郭襄怒, 2
天鸣禅师, 9
罗汉堂, 39
无相禅师, 6
达摩堂, 38
小僧, 12
老和尚, 28
师伯, 42
师兄, 133
武林高手, 4
撒野, 9
左掌, 39
连剑, 2
却运劲, 1
郭襄左, 1
二僧, 10
小徒儿, 3
关怀, 23
齐眉, 2
郭襄忙, 1
闯得, 1
别提, 2
秀眉, 14
郭姑娘, 9
黄衣僧, 7
卓立, 2
陈明, 1
郭襄冷, 2
宋皇帝, 1
丛林, 6
希罕, 4
郭襄朗, 1
齐声, 87
宝剑, 42
郭芙的, 1
鲁莽, 10
郭襄定, 1
黄药师, 3
玉箫剑, 1
慈悲为本, 3
郭襄剑, 2
妙龄女郎, 3
那老僧, 28
令尊, 18
达摩, 15
胡闹, 14
张扬, 2
师承, 8
老衲, 58
兰花, 4
老东邪, 2
东邪, 1
杨过结, 1
小姑娘, 55
藏经阁, 10
本寺僧, 2
寻思, 50
万紫千红, 1
全真剑, 1
鲁有脚, 2
耶律齐, 2
白光闪, 4
卓绝, 15
冷汗, 20
若仙, 1
林朝英, 1
但剑招, 2
凌厉, 49
罗汉, 48
于少林, 6
容仪, 1
左转, 2
杨过相, 1
少林拳, 8
黄莺, 2
武修文, 4
养老, 1
单凤, 2
老顽童, 2
周伯通, 3
空明拳, 1
渊博, 2
双掌如, 2
完颜萍, 1
裘千仞, 1
向称刚, 1
罗汉拳, 6
孔夫子, 2
鲁班, 1
郭襄身, 4
铁铸, 5
郭襄落, 1
令堂, 4
郭二, 6
铁罗汉, 10
杨大哥, 3
宝刹, 5
杨过杨, 2
杨大侠, 9
盘桓, 2
郭襄呆, 1
高明, 33
谢谢, 2
祝寿, 7
贺礼, 4
道贺, 3
老禅师, 7
英侠, 4
施礼, 3
郭襄奇, 2
尹克西, 13
郭襄叹, 1
大姊姊, 3
练功, 10
郭襄凝, 1
郭襄摇, 1
武林中, 151
比武, 53
郭襄点, 1
顾忌, 11
希奇, 9
周旋, 8
古柏, 1
端秀, 1
凌霄, 1
托根, 1
郭襄正, 1
操琴, 1
松树, 59
焦尾琴, 1
杜鹃, 1
毛羽, 1
仰天长叹, 1
白石, 1
文武全才, 8
郭襄依, 1
白棋, 1
仰天, 27
约莫, 25
雅奏, 2
若蒙, 2
永矢, 4
山涧, 3
林密, 1
马鞍, 8
老远, 3
石亭, 9
马奋, 1
朱砂, 1
老先生, 6
郭襄俏, 1
掌一扬, 2
佩剑, 6
屠狗, 2
冷冰冰, 10
小性儿, 3
师兄弟, 85
郭大侠, 15
郭名襄, 1
黄脸, 7
师哥, 126
方天劳, 17
卫天望, 29
胡胡, 5
郭襄喜, 1
铁青, 9
郭靖郭, 3
黄蓉黄, 2
文武双全, 5
诗词歌赋, 2
凌驾, 2
何足道, 120
潘天耕, 27
左闪, 3
郭襄站, 1
丹田, 36
向前走, 5
双掌齐, 5
掌力之, 4
刚一柔, 2
巨力撞, 1
真乃世, 1
小老儿, 4
那姓卫, 2
平推, 1
石光, 1
郭襄同, 1
郭襄只, 1
秦风, 1
白露, 1
伊人, 2
丰瞻, 1
左肩, 7
山泽之, 1
双剑相, 4
温雅, 2
双眉, 5
马背, 16
过瑶琴, 1
杨夫人, 2
韦陀, 2
伏魔剑, 1
占上风, 11
扬言, 1
仁兄, 2
松柏, 1
巨钟, 1
齐鸣, 2
老僧, 58
慧禅师, 5
归寺, 2
山前山后, 2
盛衰, 2
何居士, 14
天鸣, 11
言中, 11
郭襄进, 1
须知, 4
谢居士, 15
张嘴, 2
达摩院, 10
迎客, 1
界成, 1
比剑, 3
向天鸣, 1
若龙吟, 1
水花四溅, 1
双掌力, 1
左磨, 1
成右引, 1
二郎, 1
天下英雄, 51
左转成, 1
双切掌, 2
曾自, 1
蒙荣宠, 2
智禅师, 7
那监, 1
博大精深, 13
武学竟, 1
师传, 5
连郭襄, 1
暴雷, 1
齐宣, 1
郭襄睡, 1
老祖, 7
权彼来, 1
展未展, 2
郭襄越, 1
西斜, 3
乌云, 9
陈年, 3
向东, 23
诸方, 1
云翳, 1
林木, 2
以柔克刚, 5
承先启后, 1
宝鸣, 1
于武学, 4
张三丰, 451
玄光, 1
红颜, 2
白发, 6
元顺帝, 1
海隅, 1
祝贺, 1
武当派, 318
俞岱岩, 292
玄虚, 7
钱塘江, 14
余姚, 3
张望, 18
千秋, 5
田塍, 1
波涛, 14
屠龙刀, 227
索回, 1
木杓, 1
撒播, 1
向炉中, 1
红转青, 2
由青, 1
屠龙, 67
俟机, 7
斯时见, 1
高跃, 3
齐向, 10
砰砰, 17
沙滩, 2
若想, 5
厉鬼, 4
小丘, 4
海神庙, 5
青紫, 1
宁可, 38
武林, 179
张真人, 126
武当七侠, 75
宋大侠, 40
殷莫, 1
俞三侠, 33
老江湖, 2
海东青, 3
张口, 19
德成, 6
修为远, 2
小庙中, 1
李堂主, 15
李堂, 1
刀德成, 1
查一查, 2
华盖, 2
白痴, 5
查明, 15
迟早会, 1
凝思, 5
熊熊大火, 5
金非铁, 3
关王爷, 1
向德成, 1
默祝, 2
一秉至公, 1
雷声, 3
东望, 1
白帆, 5
黑鹰, 3
左掌拍, 7
掌力震, 4
掌掌力, 4
和震山, 1
高姓大名, 9
师尊, 13
左掌护, 2
双掌相, 14
伏有, 2
白影闪, 2
白练, 4
都大锦, 140
那姓殷, 9
连珠, 6
殷大爷, 5
张大, 16
换人, 2
梁子, 17
威武, 8
文雅, 1
牛毛, 4
双井子, 2
畅怀, 1
马鞭, 7
天柱峰, 2
祝三弟, 1
祝史, 3
勒马, 6
敬礼, 1
原谅, 5
黄冠, 1
佩刀, 5
都兄太谦, 1
都兄远, 1
劳顿, 1
都兄, 2
付清, 1
金元宝, 14
都某, 1
马缰, 1
元宝, 1
金刚, 71
师伯叔, 24
花红, 1
谢礼, 2
马匹, 14
青骢, 1
大韦陀, 1
青骢马, 8
练家子, 1
劳驾, 2
吐真言, 1
翠山, 17
张翠山, 1146
史二镖, 4
张五侠, 92
俞三哥, 17
莫七侠, 20
都顿, 1
紫霄宫, 4
侍奉, 5
俞二侠, 29
黄冠道人, 3
齐肩, 1
姓甚名谁, 2
须得先, 6
寿辰, 2
紫霄, 5
宋远桥, 227
殷梨亭, 300
莫声谷, 118
张松溪, 168
俞莲舟, 378
白虎, 3
龙跃, 1
阴一阳, 3
张开, 14
俞府, 1
诸穴, 8
祖师爷, 1
霍地, 23
胡涂, 35
俞莫, 1
俞莫二侠, 1
甘休, 3
方得, 4
老王, 1
望重, 2
芥蒂, 1
宋张, 1
殷三, 1
老天爷, 23
诸师弟, 1
殷利亨, 2
易经, 4
元亨利, 1
满怀, 4
步履, 5
文武, 1
王羲之, 3
清刚, 1
兰亭诗, 1
庄严肃穆, 2
东晋时, 1
王谢, 1
莫测, 6
俊逸, 1
武学大, 2
多时辰, 12
雁飞雕, 1
凌云, 1
衣履, 3
高耸, 2
乌云密布, 1
雨越, 1
高扬, 1
长仁翁, 1
曾忠人, 1
马向前, 1
屠龙功, 2
车中定, 1
威扬, 1
宋室, 2
立威, 1
泰半, 2
萧索, 2
白堤, 1
石狮子, 1
鬼气森森, 1
小舟, 16
白光微, 2
左拗步, 1
左向右, 1
若真, 2
张五, 10
空旷, 2
哥仁侠, 1
但四僧, 1
莫七弟, 5
振迅鸿飞, 1
雷霆, 2
左钩, 2
张五爷, 9
闻少林, 2
小可, 11
慧风, 18
慧通, 4
慧光, 5
胡说, 6
位师伯, 3
凌空, 10
齐上, 5
左足飞, 2
盖世, 16
大柳树, 2
位师叔, 19
白光, 9
芦苇丛, 1
齐碎, 2
那文士, 1
白胜雪, 1
妙龄, 3
丽人, 2
梅花, 24
向东流, 1
柳树下, 3
云散, 1
天青, 1
容光, 2
望平野, 1
张将, 1
招奇速, 2
凌波仙子, 2
张相公, 13
卫夫人, 1
余韵, 1
相公, 7
闻君, 1
殷姑娘, 85
恩德, 10
越行越, 2
左足, 13
僧慧风, 1
斯斯文文, 3
白玉, 4
白如雪, 2
黑如墨, 1
大恩大德, 6
远远望, 2
车中望, 1
那道人, 21
戴顶, 1
吉人天相, 1
那舟子, 1
楚楚可怜, 5
江神, 1
殷素素, 553
紫黑色, 2
张五哥, 13
朱雀, 8
常坛主, 13
若洪钟, 4
飞也似, 2
掌力引, 4
殷红, 8
常金鹏, 67
施下礼, 1
纳罕, 1
玄武, 11
白坛主, 10
巨鲸帮, 37
王盘山, 39
扬刀立, 10
过三拳, 14
那慧风, 2
巨鲸, 4
巨鲸船, 15
麦少帮主, 14
黄衣少, 1
漆成, 1
齐飞, 2
白龟寿, 66
荣幸, 2
寒霜, 3
曹操, 2
容光照, 3
高则成, 25
蒋涛, 24
蒋大, 1
矫矫不群, 1
蒋二人, 16
秋波, 3
高蒋, 2
念兹在兹, 1
白常, 1
练剑, 3
蒋兄, 2
门剑法, 1
高强, 33
庄子, 21
秋水, 3
归之, 1
小木之, 1
修真之, 1
女魔头, 2
千仞, 2
越学越, 1
云云, 15
步亦步, 1
颜回, 1
孔子, 3
庄敬, 1
慈祥, 5
若雷震, 2
谷中, 8
泰山北斗, 7
宁静, 2
诸君, 2
练一练, 2
巨石, 44
温文, 3
练武, 5
须得暇, 1
熊熊烈火, 2
那舵主, 5
托刀齐, 1
金切玉, 2
那屠龙, 7
金毛狮, 111
黄发, 5
斯文, 5
谢先生, 1
谢逊微微, 3
谢逊, 1027
谢逊攻, 2
铁鼎, 1
金非木, 1
向群豪, 1
元广波, 9
谢逊冷, 8
满口胡, 1
张登云, 3
欧阳清, 3
谢逊取, 2
谢逊横, 3
宾客, 19
司宾忙, 1
那司宾, 1
谢逊面, 4
麦鲸, 19
麦鲸身, 2
蔡四, 1
胡六, 1
谢某, 18
谢逊若, 4
白饶, 2
崔飞烟, 3
银钗, 5
小石子, 5
谢逊身, 16
向高蒋, 1
何异, 1
子女玉帛, 1
有志之士, 1
岳飞, 5
宋高宗, 1
秦桧, 2
荣华富贵, 2
诸帝, 1
普天下, 12
苍生, 7
福荫, 1
门高弟, 3
凡夫俗子, 2
北溟, 1
白眉鹰, 33
王殷, 3
旷世难, 1
明抢, 1
福泽, 6
谢逊叹, 16
殷天正, 198
巨鲸派, 1
舒服些, 1
慈悲心, 1
比一比, 1
谢逊笑, 13
伏剑, 1
龙飞凤舞, 1
李白, 1
左盘右, 1
楚汉, 1
余裕, 3
飞高丈, 1
张殷, 28
焦黄, 3
小山, 2
静思, 2
汪洋大海, 5
郎才女貌, 5
敬爱, 4
施暗袭, 1
谢逊连, 2
于刀剑, 3
后帆, 1
爱恋, 1
格格格, 1
山立, 1
洪涛, 1
任凭, 3
孤舟, 4
北斗, 3
牛郎, 2
阎王殿, 1
天刚, 1
黎明, 7
张谢, 2
宛然, 9
丁冬, 6
浮冰, 2
寒冰, 6
毕命之, 3
龙宫, 1
屠你妈, 1
张臂, 3
舒舒, 1
银冰, 1
阳光, 11
常自, 5
皮倚冰, 1
谢逊双, 17
阴森森, 2
金光, 2
蓝光, 2
红光, 5
谢逊掌, 2
谢逊虎, 1
神智, 24
灵敏, 3
谢逊啸, 2
双耳, 4
殷张, 1
宛若, 3
向海, 1
青绿, 2
玄冰, 2
白雪, 4
苍松翠柏, 1
诸般奇, 2
花异树, 1
梅花鹿, 4
方休, 2
掌齐施, 1
容颜, 13
寻幽探胜, 1
石洞, 5
白熊, 13
巨掌, 1
过长剑, 1
熊肩, 1
言甫, 4
松枝, 2
熊掌, 2
清香, 6
那可真, 1
黄焦焦, 1
但见石, 1
连青烟, 1
平剑, 2
熊洞, 9
花香, 7
映壁, 1
春暖之, 1
左耳, 9
胡里胡涂, 6
仁善, 4
小鹿, 1
上玉皇, 1
阎罗, 1
三皇五帝, 1
尧舜禹汤, 1
秦皇, 1
唐宗, 1
孔孟, 1
圣贤, 1
华佗, 3
岳武穆, 7
南帝, 2
花如雪, 1
谢逊跃, 3
恩爱, 5
温颜, 2
谢逊忽, 9
洪亮, 3
多福, 3
入世, 2
慈爱, 6
张夫人, 5
谢谢你们, 1
王谢逊, 41
子之心, 2
金兰, 2
高攀, 1
旷野, 3
练武功, 2
神僧, 25
向天, 6
敬仰, 6
但素知, 1
续道, 16
谢逊续, 5
闻声, 2
成昆, 125
豪杰, 25
清虚观, 1
谢逊抚, 2
谢一谢, 1
谢大侠, 98
老公, 4
费尽, 2
空见神, 31
若肯, 1
那成昆, 7
易容改, 2
五老齐, 2
饶恕, 2
白眉白, 1
道谢, 13
井然, 1
强好胜, 1
仁厚, 6
金玉, 1
布满, 4
天灵盖, 16
天良, 3
大智大慧, 1
景慕, 1
温文守, 1
武学中, 17
古木, 1
于寒冰, 1
蒙师, 1
诗云子曰, 1
招式又, 2
谢逊竟, 4
雷轰, 3
明言, 10
王会, 1
张无忌, 4667
张得, 1
水天, 1
那帆, 1
岳父, 11
那也好, 4
熊熊, 7
普惠, 2
程坛主, 10
封坛主, 11
殷堂主, 2
紫微, 8
天微, 2
殷野王, 74
李天垣, 21
师叔你, 1
向师叔, 1
于紫微, 1
门之谊, 2
俞二, 8
西华子, 101
卫四娘, 18
紫膛色, 1
侍立在, 1
宾主双方, 1
五侠, 17
张师弟, 2
小弟弟, 1
言明, 11
尊夫人, 3
灵宝, 2
德望, 1
公正, 2
铁铮铮, 6
门师叔, 4
乐未央, 1
尼姑, 31
唐三爷, 3
静虚师太, 9
葛衣, 1
唐文亮, 40
文文静静, 1
黄鹤楼, 6
封二, 1
柳叶, 1
空自, 1
殷李, 1
俞三弟, 2
仁义道德, 1
张郎, 3
小师弟, 4
敬畏, 4
周全, 15
上群豪, 3
令岳, 1
元霖雳, 1
余生, 3
小市镇, 2
爱儿, 3
仁义, 8
史火龙, 91
贺老三, 13
梅石坚, 1
梅帮主, 7
子之仇, 3
张公子, 71
诸兄弟, 1
二伯, 17
能善加, 1
望风, 1
寿礼, 5
英俊, 13
弘远, 1
静修, 6
郭襄郭, 5
郭女侠, 15
黄帮主, 4
爱书成, 1
金刚经, 6
谈锋, 1
向西, 1
慈母, 1
衣钵传人, 2
昌大, 1
常自言, 2
奥秘, 3
黑帕, 2
木塞, 8
青光闪, 6
和剑刃, 2
寒梅, 2
何太冲, 247
郭襄女, 5
柳树, 5
敬奉, 1
耿耿, 1
方老, 1
俞张, 4
马背上, 3
那元兵, 12
马来, 3
马向西, 1
顾二哥, 2
马自东, 2
富丽, 2
高丽, 9
连师父, 1
老夫, 20
高丽人, 1
高招, 17
隋炀帝, 1
唐高宗, 1
于大海, 1
和义兄, 1
金兰之, 1
二成, 4
招轻灵, 1
阳胆经, 2
子齐, 2
马舞刀, 1
后锐骨, 1
玉立, 3
新娘子, 6
掌上明珠, 1
纪姑娘, 12
俞爷, 1
花白, 6
殷六侠, 30
孟正鸿, 10
和七侠, 1
清居静, 1
山后, 10
康宁, 2
福寿无疆, 1
诸侠, 27
谢恩, 1
孟正鹏, 1
殷六, 2
那乌氏, 3
依礼, 1
乌氏, 7
蒙汗药, 5
黄雀在后, 1
恩人, 4
高帽子, 1
戴戴, 1
龙精虎猛, 1
伯和七, 1
金陵, 5
祁天彪, 29
云鹤, 12
燕云, 6
宫九佳, 13
严训, 2
祁总镖, 2
巴掌, 3
明其理, 11
莫某, 4
祁某, 5
泰斗, 2
言辞, 6
托托, 1
云某, 5
左右开弓, 4
辟辟, 1
云总镖, 6
心敬, 1
但云鹤, 1
内堂奔, 1
盛德, 1
白昼, 2
那云鹤, 2
阳四义, 4
牛耳, 2
阳三义, 2
绿林豪杰, 1
吴一氓, 17
乔氏, 5
恩惠, 2
明查暗访, 1
何安, 3
那怎生, 2
东传, 1
童进来, 2
张五师叔, 1
罗帽直, 2
殷无福, 22
殷无禄, 22
福禄寿, 1
无禄, 3
岳母, 1
岳父母, 2
薄礼, 1
碧玉, 1
凤凰, 1
唐墨, 1
安康, 2
大恩, 19
谭老, 3
小旗, 11
白鹤, 3
云中白鹤, 1
燕子, 3
谭瑞来, 3
老家伙, 4
殷无寿, 12
无寿, 1
赫赫, 4
那姓谭, 1
谭家, 1
望安, 1
张名帖, 3
何夫人, 6
黄衫, 2
何兄, 1
之欢, 1
武学修, 5
静玄师太, 12
师弟妹, 2
向师祖, 1
金鞭, 1
纪晓芙, 232
贝锦仪, 20
师姊, 36
白米饭, 2
广结善缘, 1
连四弟, 1
严冬, 1
栗然, 2
张四侠, 7
何先生, 10
宗维侠, 54
常敬之, 21
白眉, 13
空智大师, 35
高寿, 1
康复, 1
却明明, 3
毛发, 3
薄有微, 1
向家师, 2
张小侠, 3
真武, 11
真武大帝, 3
乌龟, 1
那龟蛇, 1
二山, 1
包罗, 1
旭日东升, 1
顾得东, 2
齐施, 3
克敌, 3
山之宝, 1
操必胜, 3
谢三哥, 23
红潮, 1
老老少少, 1
和翠山, 1
温顺, 2
须内劲, 2
静玄, 61
白转青, 1
玄冥神, 43
拜我为师, 1
从师, 2
施掌者, 1
童男, 1
越旺, 1
太师父, 104
简言之, 1
向镇, 1
玉枕关, 1
雪山, 3
张二侠, 1
中秋佳节, 1
贺节, 1
向少林, 5
降尊纡贵, 1
郭襄诸, 1
何见谕, 1
闻者, 1
慈悲为怀, 4
明闯, 1
白藕, 1
慕贵派, 1
诸僧, 2
盖代, 1
太奇, 1
波浪滔滔, 1
俞三伯, 7
越来越近, 3
和番僧, 2
左掌挥, 5
飞将军, 2
袁州, 3
周子旺, 9
郎君, 1
那小女孩, 2
已托, 1
掌力一, 5
常遇春, 176
周芷若, 828
于正邪, 1
恨恶, 1
元军, 34
小相公, 5
香甜, 3
方腊, 6
明教中, 53
明尊, 8
宪宗, 1
七侠, 2
于学武, 1
福缘, 1
常春, 1
小爷, 2
谷医仙, 26
胡师伯, 15
胡青牛, 276
胡先生, 64
拜托, 1
周公子, 1
常大哥, 18
杨柳, 1
那蝶, 2
明光, 1
强自忍, 4
林子, 2
高瘦和尚, 1
须道人, 14
彭和尚, 87
俞二伯, 10
安然, 3
丁敏君, 163
丁纪, 1
心慈, 1
丁姑娘, 1
彭莹玉, 104
心慕, 1
敬佩, 5
格开, 6
依小妹, 2
师姊剑, 1
冷冷道, 1
常赞, 1
刚毅, 1
师姊如, 1
生娃娃, 1
楚楚, 4
纪女侠, 6
冰清玉洁, 3
英俊潇洒, 5
白皙, 1
张大其辞, 1
砰然, 2
彭大师, 14
皮黄, 1
阴世里, 1
阎王, 2
殷六叔, 29
那姓丁, 2
别信, 1
宁死, 7
巴延, 1
赵五, 1
李四, 1
赵姓, 1
黎民, 1
花圃, 8
殷白眉, 2
王本, 1
鹿茸, 2
阴维, 2
阳明, 1
阳维之, 1
阳维, 1
道奇, 1
艾灸, 1
大渊, 1
阳明胃, 1
陈艾, 1
扶正, 3
胡吹, 5
奥义, 1
谷隐居, 1
铁沙掌, 1
紫宫, 3
关元, 2
阴阳五行, 4
内昭图, 1
王叔和, 1
孙思邈, 2
王焘, 1
济世, 3
惠民, 1
通晓, 3
施针, 3
柴胡, 1
牛膝, 1
熊胆, 1
紫变红, 1
君臣佐使, 1
那小子, 10
关冲, 1
清冷渊, 2
玄妙, 2
昌明, 1
西医, 1
焦思, 1
许配给, 1
华山派, 75
鲜于通, 70
黄帝, 3
明堂, 1
惠方, 1
扁鹊, 1
寿元, 1
安静, 1
王好古, 1
阳寿, 1
牛黄, 8
童儿, 5
师生, 1
那童儿, 2
初萌, 1
卓识, 1
白布, 10
车声辚, 1
伽蓝, 4
那金花, 5
小女儿, 2
小力微, 1
时自, 1
曾柔声, 1
尚小, 3
张家, 2
杨不悔, 191
小妹妹, 9
伯伯, 31
不免有些, 3
黄蜂, 1
罗里罗, 2
薛公远, 47
张姓, 1
简薛, 4
容小可, 1
白芷, 1
白附子, 1
花蕊石, 1
格格直, 3
灵仙, 1
童便, 1
那明教, 2
千金子, 1
师姊因, 1
丁师姊, 7
小剑, 1
老婆婆, 23
白木, 1
那串, 1
金铸, 2
施医, 1
金花婆婆, 342
方有生, 1
蓝衫, 1
蒙脸, 1
张开嘴, 1
仲子, 1
胡桃, 3
殷勤, 6
王难姑, 38
胡蠢牛, 1
胡夫人, 3
银叶先生, 10
卓超, 3
信守诺言, 1
江山易改, 2
由爱生, 1
师母, 8
阴曹地府, 1
黄泉, 1
玉龙, 4
苏合散, 3
鸠尾, 2
王氏之, 1
文秀, 1
宝典, 2
别有奇, 1
但凡, 1
和蔼, 1
麻木, 5
令郎, 2
成紫黑, 1
饶命, 9
阿离, 15
田野, 2
老太婆, 3
晓芙, 13
阿离笑, 2
宝刃, 2
子孙, 10
利剑, 10
思之, 6
龙钟, 3
向西行, 8
于世务, 1
杨逍, 250
杨逍么, 1
仇深似, 11
伯孤鸿, 4
高坡, 3
伏尸, 2
阴气森, 1
田中, 1
荆棘, 4
习武, 1
雁翅式, 1
林来, 1
薛大爷, 4
老尼, 14
小妹子, 3
牛羊, 4
轩昂, 2
徐小舍, 12
屠羊, 1
张杨, 1
徐达, 49
徐大哥, 10
简兄, 1
薛四人, 1
杨二人, 2
邓名愈, 1
白净, 1
吴良, 6
吴祯, 3
朱大哥, 10
元璋, 1
花云笑, 1
拜佛, 2
朱元璋, 67
汤和道, 1
花云道, 3
邓愈, 11
吴祯兄弟, 3
张员外, 6
寻牛, 1
胡赖, 2
那豪仆, 2
吴氏, 2
甘舍, 1
邓愈叹, 1
胡奴, 1
花云, 5
徐达朗, 1
英雄豪杰, 17
干云, 2
庄丁定, 1
唐僧, 1
天上飞, 3
但哇, 1
苏习之, 27
詹春, 51
詹春怒, 1
白牛山, 1
路剑法, 3
詹春柔, 2
孤儿, 5
刁蛮, 1
严令, 5
陀罗, 6
春忙, 1
以身相许, 3
詹春心, 3
石屋中, 1
老山, 1
雪莲, 3
老妈子, 1
在世, 8
探后, 1
檀香, 2
阳虚阴, 1
大驾光临, 3
齐为, 2
叶子, 1
相依, 1
木塞塞, 1
孔雀, 2
银冠雌, 2
詹春笑, 1
洪福齐天, 2
金黄, 2
胡胡胡, 1
那蛇儿, 1
单放雄, 1
那小鬟, 49
黄狗, 3
那杏芳, 1
元配, 1
白鹿子, 2
怀恩感, 1
师姊为, 1
子嗣, 1
解之, 1
学自, 3
俞二师, 1
凌空飞行, 2
桑贝丸, 2
左一掌, 1
薄幸之, 1
那书生, 5
何氏, 27
蓝桥, 1
萧萧, 1
于剑招, 1
杨逍点, 1
杨逍见, 5
杨逍和, 23
双剑齐, 3
天赐良机, 2
杨逍的, 11
杨逍已, 2
杨逍身, 1
双剑, 10
但迅, 1
但阳剑, 1
阴剑, 1
双剑合, 1
凝若山, 1
杨逍曾, 2
贤伉俪, 7
杨逍带, 1
杨逍将, 3
杨逍又, 4
宝贝, 2
仰天长啸, 1
美男子, 3
杨逍道, 61
杨某, 1
小猴子, 1
汪汪, 1
白森森, 1
马前子, 1
红梅, 1
温暖如春, 2
陈设, 2
乔福, 14
乔福应, 2
乌丝, 2
华贵, 10
格格娇, 4
乔福笑, 1
凤姊姊, 5
千金小姐, 1
小凤, 11
小凤举, 1
富豪, 1
灵獒, 2
小凤先, 1
皮鞭, 2
朱九真, 141
高雅, 1
乔福见, 1
折冲, 1
寇将军, 1
威远, 1
大元帅, 2
爱犬, 2
小凤道, 2
小凤笑, 3
乔福道, 2
童仆, 9
连小凤, 1
呼唤, 3
朱家, 7
宰羊, 2
和乔福, 1
慕少艾, 1
朱夫人, 9
真姊, 12
雪岭, 6
双姝, 6
朱子柳, 2
那姓武, 1
武青婴, 51
武三通, 3
武敦儒, 1
洪七公, 3
朱武二, 5
春兰秋菊, 1
诸犬, 1
曾一掌, 1
无分轩轾, 1
练过武, 1
掌相迎, 1
掌势奇, 1
连中, 2
朱武, 5
伯父, 5
朱长龄, 193
和卫武, 1
祖宗, 3
高祖, 1
子柳公, 1
庄中, 3
仁侠, 12
巨狼, 1
二叔, 7
姚清泉, 32
朱家庄, 5
恩公, 23
沽恩, 1
向义嫂, 1
恩嫂, 2
诸如, 1
张门, 1
玉狮, 1
那中堂, 1
张公翠, 2
灵堂, 1
张大侠, 18
殷氏, 2
谢爷, 4
谢仪, 2
白银, 1
谢名逊, 1
石室中, 4
周密, 6
小丑, 2
掌劲力, 1
谢逊拳, 2
齐中, 3
须学得, 1
胡豹, 5
明鉴, 4
于洪波, 1
巨涛, 1
殷然, 1
祖传, 3
啸傲, 1
若斯, 1
真姊定, 1
解穴之, 2
小溪, 1
小溪流, 1
雪亮, 3
小妮子, 5
齐备, 4
武烈, 37
丹青, 1
武庄主, 3
和武烈, 4
林中奔, 1
丛长草, 1
那柄刀, 1
和雪岭, 1
丛林中, 1
林密草, 1
朱氏, 1
付诸东流, 1
乌龙, 2
皆空, 1
修仙练, 1
但知若, 1
别太, 1
荣华, 1
向石, 1
孔道, 3
高峰, 1
雪峰, 2
二里, 3
静静, 5
王母, 1
西王母, 1
白猿, 9
那白猿, 3
许圆径, 2
方方正正, 1
苍猿, 6
尹潇, 1
习之, 1
左壁, 2
师伯师, 4
沙一石, 1
太蛮, 1
妙哉, 2
柴草堆, 1
舒泰, 1
公子爷, 12
呼召群, 1
胡子, 11
向西驰, 1
敬若天神, 1
荆钗布裙, 1
柴枝, 3
格格笑, 3
爱养, 1
潘安, 1
阿牛哥, 28
爱护你, 3
向武烈, 1
东闪西, 1
伏兔, 2
掌运劲, 3
左掌翻, 1
托大, 5
望月, 2
从腔子, 1
哈哈笑, 5
曾阿牛, 10
冷一笑, 1
双掌击, 3
师姐, 7
融会贯通, 2
须长发, 1
石沉大海, 1
樱口微, 1
晓风, 1
宝贝儿, 1
黄澄澄, 1
美的, 2
诸凡, 1
凌辱, 6
练功夫, 2
单相思, 2
萧然, 1
小镇, 3
师太, 22
沙丘, 7
静虚, 14
白鸽, 3
铁莲子, 2
老尼若, 1
向天鹰, 4
静玄道, 11
静玄怒, 2
静虚道, 2
芷若, 84
花飞, 1
伏在沙, 3
苏梦清, 4
黄龙, 2
四王, 8
冷月清, 2
阳顶天, 52
法王, 31
行动诡秘, 1
韦一笑, 265
龙王, 38
那紫衫, 2
子存父, 1
孙在祖, 1
荆轲, 1
西入强, 1
易水寒, 1
左使, 4
孤鸿子, 1
墨守成规, 1
白守, 1
续向西, 2
那柄长, 3
沙中, 3
福薄, 1
莫谷声, 1
静玄续, 1
静玄奇, 2
玄冷冷, 1
颜垣, 17
曲尺, 1
黄旗, 3
寒森森, 1
后跃开, 8
原是武, 1
孟尝, 1
宋少侠, 17
宋青书, 270
宋书, 1
和静玄, 2
武当掌, 5
静玄见, 1
巨水旗, 1
沙尘, 1
静玄四, 1
齐发足, 2
那青翼, 2
王轻功, 3
赵灵珠, 1
李明霞, 1
静玄师叔, 2
宋兄弟, 34
门师祖, 1
恨福薄, 1
丁师叔, 1
灵狐, 2
布阵, 3
战锐金旗, 1
师太领, 1
雷霆万钧, 1
金旗掌, 7
庄铮, 9
星飞, 1
金旗旗, 2
庄旗, 2
唐旗, 2
和庄旗, 1
黑旗, 3
巨雷, 1
明教锐, 6
金旗, 2
那掌旗, 2
庄大哥, 3
诸派, 2
吴劲草, 38
过锋锐, 2
刁顽, 1
玄大怒, 1
招劲力, 1
姜桂之性, 1
少侠, 8
掌力如, 1
湛之士, 1
顾全, 5
周姊姊, 13
明月照, 1
映江, 1
日月争辉, 1
连师太, 1
爱才, 3
白衫, 2
明教教, 1
野王, 3
普照, 4
顾全大局, 2
屈服于, 2
承师太, 1
沙内, 1
塞满, 1
阿牛, 2
孙女, 3
白白, 1
练内功, 2
火蟾, 1
成冰, 1
布纹, 1
布袋中, 14
高山峰, 1
金汤, 1
铁冠道, 6
韦兄, 21
铁冠道人, 47
谷中传, 1
张中, 4
冷谦, 31
白鹰, 1
于明教, 6
韦兄若, 1
铁冠兄, 1
冷谦运, 1
诸代, 1
冷谦道, 8
明教之, 15
明尊火, 2
白变红, 1
伯仲之间, 2
杨左使, 72
梁子越, 1
殷派, 1
韦派, 1
莹玉, 1
周大, 2
杨逍岂, 2
永世, 4
杨逍之, 1
寒冰绵, 11
阴寒之, 7
杨逍不撤, 1
杨逍也, 5
杨逍射, 1
冷谦意, 1
山观虎, 1
杨逍练, 1
杨逍知, 1
杨逍便, 1
冷谦右, 1
僧仁侠, 1
杨逍死, 1
于邦, 1
萧墙, 1
康庄大道, 1
三世, 1
彭莹王, 1
何德何能, 2
那恶僧, 2
神僧空, 12
玉堂, 8
明教五, 3
迈前, 1
那圆真, 8
何愁, 2
牛鼻子, 2
唐皇, 1
崇拜, 1
宋江, 1
王庆, 1
田虎, 1
王宗石, 1
胡虏, 7
归隐, 2
韦大哥, 1
别吵, 1
阳夫人, 11
明师, 2
龙虎, 2
莫若, 1
杨逍叹, 5
养虎, 1
掌力推, 1
巧遇, 1
布衫, 2
龙抢珠, 4
左前方, 2
左足刚, 1
石之声, 1
石旁, 1
湛湛, 1
小昭, 264
小昭道, 31
小昭仰, 1
许方圆, 1
阳氏, 2
问小昭, 1
小昭忽, 2
封信, 5
沙石, 2
于兹, 1
和成昆, 1
令谢逊, 1
伏羲, 2
乾尽, 1
明夷, 2
小曲儿, 1
小昭笑, 4
曲中, 2
和小昭, 8
才智, 2
涂抹, 2
山洪, 1
沛然莫, 1
金石为开, 1
祝道, 1
列祖列宗, 1
练之, 1
越拉越, 2
巧匠, 1
强光照, 1
如玉, 3
小昭喜, 2
却博, 1
慕之意, 1
张兄, 1
殷老儿, 2
万岳朝, 1
大智若愚, 1
帕子, 1
宋师伯, 3
莫七叔, 11
宋某, 1
宋大, 2
招剑法, 2
双掌虚, 2
弓背, 1
宋二人, 4
高飞, 1
若絮, 1
丁甲, 1
殷二侠, 1
二侠, 5
殷某, 2
宗兄, 4
唐三弟, 2
宗二, 1
西往东, 1
仁大勇, 1
英才, 3
谢逊恶, 3
查明真相, 1
须少林, 1
原亦, 2
慈和, 2
太久, 1
青灵, 1
师祖木, 1
寿至九, 1
老成, 1
小昭吁, 1
曾少兄, 1
曾少侠, 21
阳五龙, 2
黄宝腊, 2
玉真散, 2
麻黄, 1
藤黄, 1
小恩小惠, 1
依唐, 1
和事老, 3
切莫, 1
齐逆兮, 1
青翠, 1
阳刚, 4
常某, 2
朗朗, 2
诸老, 3
空性怒, 2
凝如山, 1
宫直攻, 2
掌掌缘, 1
崇高, 1
神僧亦, 1
金兰之交, 1
胡青羊, 5
苍鹰, 1
胡家, 2
支支吾吾, 1
严词, 1
千仞叠秀, 1
郭璞, 1
太华赞, 1
华岳, 2
武学高, 1
强之士, 1
苗疆, 2
苗家女子, 3
鹰扬, 1
白垣白, 2
白垣, 9
那白垣, 1
高老者, 76
万夫莫当, 1
太乙生, 1
左掌扬, 1
小丫头, 18
胡混, 1
那姓曾, 1
柳眉, 1
小娃儿, 1
鲁仲连, 1
梅树, 1
梅枝, 11
那梅, 1
含苞, 1
令徒, 1
东转西, 1
河图洛书, 1
若能深, 1
易理, 1
乾南, 1
坎西, 1
乾为顺, 1
雷风, 1
许可, 4
觉察到, 1
须小昭, 1
归妹, 1
滑如游, 1
施施然, 1
空之声, 4
路剑招, 1
白刃, 4
双剑竟, 1
玉洞, 1
黑石, 2
那玉洞, 1
丹固, 1
师太剑, 1
白虹剑, 6
谢老爷子, 11
巨木, 12
方来招, 1
双足齐, 1
雷震电, 1
尼斗, 1
左一闪, 2
严霜, 2
化刚, 1
钟爱, 2
玉灵散, 3
何存, 1
宋桥远, 1
依小弟, 1
曾小侠, 1
宋兄, 1
曾兄, 1
向小昭, 7
双掌轻, 1
乌青, 1
齐道, 7
那杨, 1
天王, 3
凝剑, 1
言宣, 2
尼一掌, 1
宁肯, 1
尚重, 1
张四伯, 2
师伯教, 1
小昭抢, 1
杨韦, 6
杨逍忙, 1
顾信义, 4
韦法王, 2
谢狮王, 15
计大妙, 4
美轮美奂, 1
承蒙, 2
阳前, 5
神勇, 3
玄阴, 1
小昭托, 1
天资聪颖, 1
西照, 1
家传之, 2
乾乾净净, 4
石柱, 1
西首宾, 1
卫护, 3
巨木旗, 13
闻苍松, 4
焦木, 2
诸大, 2
冷谦冷, 1
刑堂, 1
苍生之, 2
谢法王, 12
智勇双全, 3
干戈, 3
克建, 1
周兄, 10
灵芙醉, 1
杨逍忽, 1
冯远声, 1
师姊别, 1
周先生, 5
武艺高强, 2
周兄爱, 1
须白眉, 1
诸人东, 1
明刀明, 2
吴旗, 5
沙壁, 1
尚自, 8
俞殷, 7
须得静, 1
寻仇生, 1
墨羽, 1
宝蓝, 1
雍容华贵, 2
那公子, 4
吴六破, 2
柳荫, 1
老虎, 1
明珠, 2
齐放箭, 1
弓马, 1
杨兄, 5
令爱, 2
冷谦兄, 1
杨逍斗, 2
顾莞尔, 1
戈壁, 1
江城子, 1
宝庄, 1
马相候, 1
明教群, 24
小河, 1
赵小姐, 11
那神箭, 1
赵一伤, 4
钱二败, 5
孙三毁, 9
李四摧, 7
周五输, 1
郑七灭, 1
王八衰, 2
赵钱孙, 1
周吴郑, 1
高悬, 3
白虹, 1
诗以赞, 1
赵敏, 991
赵姑娘, 131
赵敏微微, 11
未克, 2
庄丁, 1
雨过天青, 1
龙井茶, 2
赵敏斟, 2
红霞, 1
温雅秀美, 1
太美丽, 1
花拂柳, 1
檀香木, 1
杨逍成, 1
赵大, 1
庄后, 1
赵敏笑, 59
白如霜, 1
双剑便, 1
登登, 2
木柱, 3
左掌摊, 1
小命儿, 1
赵敏伸, 10
赵敏见, 14
赵敏格, 5
格笑, 2
赵敏惊, 7
夸赞, 3
白胜玉, 1
张某, 2
白旗, 10
千夫, 3
诸教众, 5
醉仙灵, 2
杨逍笑, 4
太谦, 1
小昭乃, 1
金盒子, 1
诸长老, 7
那知客, 13
阎罗王, 1
那石亭, 1
战得胜, 1
大雄宝殿, 6
颜兄, 1
那长眉, 1
称王, 3
戚然, 1
颜旗, 2
狗奴才, 1
柔克, 1
宋大师, 5
马便冲, 1
马前冲, 1
马儿, 2
三清殿, 5
祖自, 1
慈范, 1
谷虚子, 1
谷虚, 1
俞三师叔, 2
俞三, 1
师叔言, 2
三师叔, 2
小师叔, 4
三师伯, 2
归山, 1
小家伙, 2
修篁, 1
闻鸟语, 1
寒居, 1
未克远, 2
须眉, 5
西征, 3
大胜, 3
武学精, 2
成阳掌, 1
左掌阳, 1
松非松, 1
黄缎, 1
赵敏叹, 12
言非虚, 1
王土, 1
王臣, 1
立颁殊, 1
空智神, 6
何足奇, 1
赵敏身, 22
丹心照, 1
文天祥, 2
文丞相, 2
胡人, 12
和三师伯, 1
阴恻恻, 5
荣于华, 1
格一笑, 2
掌之术, 1
师张真人, 2
赵敏冷, 12
殷兄, 4
赵敏心, 13
阿大, 8
阿二, 23
阿三, 42
那柄倚, 1
丛长毛, 1
神君, 2
丹气霸, 1
比比, 1
岳峙, 1
那阿二, 1
殷兄若, 1
阿三见, 2
伏魔, 3
阿三左, 1
杨逍叫, 1
阿转, 1
梁山泊, 1
杨逍瞧, 1
师祖, 1
阿三大, 1
黑玉断, 21
双风贯, 3
掌一掌, 1
明教厚, 2
庄铁牢, 1
赵敏俏, 4
赵敏正, 5
李妍, 1
方东白, 17
荣宠, 2
木剑递, 1
越积越, 1
松剑, 1
掌力中, 3
阴冷, 1
左胁右, 1
玄冥, 82
连玄冥, 1
南少林, 1
红日西, 1
秋风, 1
尤大, 1
师叔之, 3
岳丈, 1
张去, 1
艾绒, 1
阿三叫, 1
玉雕, 1
小睡, 2
小昭守, 1
花飞散, 1
安神, 1
伯六叔, 2
仇深, 1
惠赐, 1
小楷, 3
何劳忧, 1
那朵珠, 1
赵敏盛, 1
杨逍听, 1
杨逍奉, 1
杨逍恭, 1
杨逍谢, 1
明教源, 2
唐武后, 1
唐大历, 1
历朝均, 2
亦然, 1
那本书, 1
王居正, 3
伏见, 1
尚宽, 1
杨逍只, 1
杨门, 1
杨逍原, 1
玉成, 2
殷实, 1
惨遭劫难, 1
绿林好汉, 2
徐达诸, 1
候驾, 1
归德府, 1
徐兄弟, 4
吴良兄弟, 2
马屁拍, 1
宋元, 1
汤和, 2
归顺, 1
孙德崖, 1
韩山童, 23
刘福通, 1
杜遵道, 1
罗文素, 1
盛文郁, 1
王显忠, 1
徐寿辉, 10
邹普旺, 1
三王, 7
赵君用, 1
徐宿, 1
归总, 1
方成, 1
明如昼, 1
小昭委, 1
帝皇, 2
富商大贾, 1
老虎头, 1
宝塔, 16
杨逍挥, 3
摩诃巴思, 7
那番僧, 5
温卧, 2
黑林钵, 7
满殿, 1
高塔, 32
鹿杖, 10
鹿杖客, 211
赵敏练, 3
赵敏便, 6
赵敏显, 1
俾成, 1
常怀, 1
苟且, 3
赵敏竟, 3
掌相抗, 1
赵敏喜, 2
向玄冥, 2
真力相, 4
左掌击, 2
左掌虚, 1
掌真力, 2
红得发紫, 1
那才真, 1
鹿角, 9
玄阴绵, 1
白里泛, 1
杨逍做, 1
杨逍解, 1
掌力渐, 1
冈来, 1
范遥, 192
范兄弟, 6
范右, 22
冈后, 1
汝阳王, 76
汝阳, 3
王察罕, 4
特穆尔, 14
官居, 1
太尉, 1
库库特, 5
穆尔, 5
王爵, 1
汉名, 2
王保保, 58
那汝阳, 2
曾祖, 1
阿鲁温, 1
李氏, 1
察罕, 1
王府, 21
王公, 5
过谦, 3
王爷, 30
范右使, 3
陈述, 1
子库库, 2
范遥笑, 8
那十香, 1
由玄冥, 2
杨逍一, 1
那玄冥, 2
杨逍问, 1
胡天胡帝, 2
昌平, 1
杨逍去, 1
王姬, 1
练武艺, 1
宝相精, 4
汤水, 1
李二人, 14
巴结, 2
闻香, 1
孙李, 2
不分轩轾, 2
爱姬, 6
韩氏, 1
韩姬, 43
灵变, 1
纳姬, 1
韩姬竟, 2
乌旺阿普, 17
韩姬放, 1
连王爷, 1
非虚, 1
小白脸, 1
奸夫淫妇, 1
丽质天生, 1
香艳, 1
鹿兄, 3
范遥摇, 5
爱宠, 1
塔尖, 1
赵敏奇, 3
大悦, 1
和鹤, 1
鹿鹤, 3
入塔, 1
赵敏拉, 1
小酌, 1
祖先, 1
成吉思汗, 2
刁钻, 1
赵敏转, 3
少陪, 2
爱慕, 1
玄铁重, 1
黄女侠, 3
宝贵, 1
习得剑, 1
郭公破, 4
赤诚, 1
汉家山, 1
赵敏命, 3
鹿老儿, 4
阿普, 2
双箭齐, 1
哈总管, 11
范遥容, 1
小王爷, 20
双眉一轩, 1
塔中, 2
强弓射, 2
范遥正, 2
范遥刚, 1
双足刚, 1
赵敏之, 17
花蝴蝶, 2
戴金冠, 1
太甚, 1
老尼全, 1
塔太远, 1
范遥东, 1
西跃, 1
梁柱, 1
何功, 1
贺喜, 1
马向南, 1
小昭正, 2
花之, 1
庄稼汉, 1
那山洞, 4
小昭奇, 1
凉亭, 6
武德, 1
静玄师, 2
曾亲耳, 1
宁信其, 1
操舟, 2
薛氏, 1
高高的, 1
老婆子, 17
尼静玄, 1
那一剑, 2
段落分明, 1
连中四, 1
师姊言, 1
明攻静, 1
闻之, 1
老尼徒, 1
赵敏知, 6
左刺右, 1
东舞西, 1
赵敏疾, 1
千金一诺, 1
向府, 1
东征之, 1
南风, 2
能之士, 1
诸番僧, 1
拉帆, 1
但学武, 1
赵敏忽, 8
杨逍派, 1
孔中望, 1
从木梯, 1
季长老, 6
郑长老, 19
冈去, 1
凌虚, 2
保无虞, 1
屠夫, 1
友谅, 2
陈友谅, 193
郑二, 1
恩仇, 1
韩夫人, 49
张五弟, 1
中曾, 3
望赵敏, 2
红流霞, 1
殷离, 93
延延, 1
痴丫头, 1
殷离喜, 1
石后, 1
黄光微, 1
殷二哥, 8
韦四哥, 3
老妹子, 1
连韦, 1
韦四弟, 4
谢逊奇, 2
谢公公, 3
韩大哥, 11
碧水, 11
向殷, 1
谢逊站, 2
那武烈, 1
黑龙, 1
黄光闪, 2
于君, 1
凡学武, 1
黄光, 2
小胡子, 1
谢逊朗, 3
妙风使, 48
齐奉, 1
金非玉, 2
西一晃, 1
谢逊举, 2
向流云, 4
令来, 4
谢逊右, 5
阴攻, 1
爱己, 1
和睦, 2
玉碎昆, 4
万古长春, 1
比之强, 1
张帆, 1
任明教, 2
万分之, 1
言笑晏晏, 1
陶冶, 1
大雨淋, 1
海中跃, 1
阴世, 2
殷离怒, 4
绮梦, 1
连贯, 2
冷如冰, 2
尼若牟, 4
霍山, 7
静居, 2
依斯美良, 1
爱德华, 1
王后, 1
美若天仙, 1
绮丝, 63
满堂, 4
生辉, 1
容色照, 1
向阳, 3
绮丝定, 1
冷若冰霜, 1
韩千叶, 20
寒潭, 6
曾答允, 3
韩爷, 1
韩兄, 2
寒潭色, 1
韩郎, 1
赵敏齐, 1
贞洁, 2
贞操, 1
贞善, 1
小昭四, 2
武学而, 1
谢老爷, 3
何劳郡, 1
宝树王, 32
常胜, 11
王横, 1
放黛绮, 1
王和云, 1
如云, 2
小昭曾, 1
须右乃, 2
习乾坤, 2
王三王, 1
平添, 3
王大惊, 1
令中, 3
越浅, 1
能修习, 1
小昭译, 1
宝树诸, 1
王脱, 1
王以, 1
饶尔, 1
何足惜, 1
掌火王, 4
王和镇, 1
王中, 1
王见, 1
赵敏朗, 2
王道, 2
庄容, 1
王本极, 1
敬盼, 1
王哈哈, 1
祝尔, 1
曼妙, 2
碧水潭, 1
王拉, 1
却柔声, 1
小昭混, 1
易如, 1
妙龄少女, 1
王笑, 1
严正, 1
王一怔, 1
瓦石, 1
赵女灿, 1
周女秀, 1
赵敏入, 2
宝石, 3
小昭身, 1
小昭悄, 1
花拂草, 1
三人, 1
哈欠, 2
柴薪, 1
无颜, 1
花岗石, 1
谢逊驱, 2
玄冥寒, 4
有德, 1
谢逊拉, 1
世豪杰, 1
长自和, 1
何忍, 2
郭靖大, 1
武学奇, 1
许下诺言, 1
有福气, 1
仁慈, 1
立大功, 3
齐称, 1
木人儿, 1
张公, 1
公子明, 1
连飞, 1
武勇, 1
林海, 1
和芷若, 7
林向南, 1
采参, 1
达官贵人, 1
上楼来, 1
关公, 1
耶律帮, 1
卡子, 3
布在树, 1
弥勒佛, 5
老柏, 2
掌钵龙头, 49
黄毛, 1
史帮主, 32
龙廷, 1
陈长老, 19
向传功, 1
掌钵二, 2
向群丐, 2
托赖, 1
洪福, 1
幸蒙, 2
过紫衫, 2
季郑, 1
英勇, 1
陈兄弟, 8
居功, 1
大赞, 2
有恩义, 1
宋大哥, 9
韩林儿, 82
秋大梦, 1
老柏中, 1
柏树, 2
易发见, 1
掌棒长老, 4
赵敏怒, 3
白须飘, 1
掌力未, 2
掌力击, 1
赵敏那, 3
赵敏靠, 2
元老, 2
子郡主, 5
王之女, 1
童子, 3
陈大哥, 8
华丽, 4
颜如, 1
汉家女, 1
别当真, 1
双骏, 1
雪越, 1
雪深, 1
神骏, 2
绮念, 1
张四叔, 2
宋俞张, 1
七师叔, 5
师赐, 1
方庆, 1
马长声, 2
赵敏闯, 1
向西疾, 2
雪光, 1
皮裘, 1
鲁不花, 2
向四侠, 2
连听, 1
俞莲奇, 1
承光, 1
凌迟, 2
赵敏柔, 1
赵敏奔, 3
马如飞, 2
子之恩, 1
马入, 1
山九仞, 1
山远水, 1
金铁相, 1
玄铁, 1
巧法, 1
齐天, 1
卢龙, 16
大吉, 1
马旁, 1
但剑尖, 1
但芷若, 2
香梦, 1
石砚, 1
向南疾, 1
宋金, 1
绿林豪客, 1
言定, 2
闻闻, 1
冯兄弟, 4
黑洞洞, 2
通庄, 1
黄头发, 1
寻人, 1
芷若原, 1
王姑娘, 1
听得环, 1
碧桃, 1
玉田, 2
贺客盈门, 1
贺客, 3
潘庄, 1
朱笔, 1
朱门, 1
春雷, 1
代耶律, 1
史实, 1
施舍, 2
左一冲, 1
木中尺, 1
老侠, 1
须掌力, 1
和鸣, 2
琴比, 1
弦琴, 1
白四黑, 1
黄衫少女, 1
黄衫美女, 9
长姊, 1
双眉深, 1
惠临, 1
小翠, 2
史缄, 1
连封信, 1
黄衫女子, 49
小翠笑, 1
冉冉上升, 2
银杏树, 1
何渊源, 1
小虹, 1
小玲, 1
那小虹, 1
陈友, 1
史帮, 1
史红石, 17
小世妹, 1
杨姊姊, 8
和贵帮, 1
曹长老, 2
王若, 2
小姊姊, 2
周掌门, 5
殷殷, 1
连骑, 1
爸爸妈妈, 1
明智, 1
连晃几晃, 1
游皇城, 9
玉德殿, 2
阿福, 3
延春, 1
高擎, 1
安邦, 1
白光连, 1
唐三藏, 1
唐明皇, 1
李存孝, 1
战吕布, 1
张生月, 1
左丞相, 1
贡奉, 3
贡奉者, 1
刘智远, 1
白兔, 1
周公, 6
管蔡, 1
管叔, 2
蔡叔, 2
王莽, 4
布旗, 1
马拉, 1
朴素无华, 1
黄发垂, 1
关圣, 2
帝君, 2
金锤, 1
宝伞, 1
侍卫, 1
郎中, 1
戴高冠, 1
一劳永逸, 1
贾鲁, 2
金玉良言, 1
陈桥, 1
赵匡胤, 1
莫道石, 1
金枝玉叶, 2
百喙难辩, 1
齐众兄弟, 1
老公公, 2
续留, 1
鲁皖, 1
元帅, 4
谢兄, 1
海兴波, 1
黄道吉日, 1
迭克, 1
尤重, 1
师伯之, 1
生朗声, 2
杨逍向, 1
杨逍能, 1
俞三叔, 1
红影闪, 1
红布, 1
华堂, 1
殷正天, 1
凤冠, 1
满掌, 1
红云, 1
士卒, 1
小瀑布, 1
小红莲, 3
仲春, 1
马爷, 2
温香软玉, 1
马勒, 1
栗马, 1
伏兵, 1
于玄冥, 1
汉蒙, 1
小王, 1
鹿头, 1
王族, 1
马后, 1
怀春, 1
小僧奉, 1
掌力撞, 2
阿米, 10
敬若天, 1
屠狮, 13
杜撰, 1
宁神静, 1
徐图, 1
银勒, 1
胡子兵, 5
马齐奔, 1
小狗, 1
花朵儿, 2
向西南方, 1
荆棘丛生, 1
赵敏扶, 2
布伏, 1
宿一宵, 3
郝四弟, 1
师傅, 4
马马虎虎, 1
赵敏空, 1
花开见, 1
那胖僧, 3
余僧, 1
呼叫声, 1
红缨, 2
赵二人, 3
那七僧, 1
山珍海味, 1
石相击, 1
秦老五, 13
那姓寿, 5
秦五哥, 3
齐生, 1
秦寿, 2
金钗, 5
侍仆, 1
苍诸剑, 1
张爷, 1
伏虎, 2
王关, 1
庄稼人, 2
家里人, 1
温香, 1
杜氏, 15
玉真观, 9
杜百当, 20
易三娘, 37
马道长, 2
马法通, 17
邵鹤, 8
玉真, 1
银光闪闪, 1
邵燕, 2
银髯, 1
和贤, 1
成大功, 1
内劲震, 1
老夫妻, 1
生爱儿, 2
和敏妹, 4
山亭, 5
孙儿, 1
母慈子孝, 1
花布, 1
布开, 1
那六僧, 1
那雨越, 1
黄豆大, 2
小恩, 1
师叔明, 1
卞庄, 1
小山峰, 2
左移, 1
若龙, 1
孤峰, 1
双索齐, 1
德高艺, 1
向三僧, 2
齐亮, 1
那僧, 3
雷震之, 1
三索, 1
松树枝, 2
连本寺, 1
掌一立, 1
左掌猛, 1
申雪, 1
左拨, 1
修为实, 2
党羽, 8
和三僧, 1
维艰, 1
黑须, 6
但三僧, 2
伏魔圈, 22
索圈, 1
撒索, 1
黑索索, 2
索头, 2
索笔, 1
仇未报, 1
郝密, 2
卜泰, 2
那卜泰, 1
闻明教, 2
雷雨, 1
左足疾, 1
掌之力, 2
杨逍与范, 1
从树林, 1
空智禅师, 5
向贵派, 1
小沙弥, 1
寒暄, 1
向本寺, 1
何敢言, 1
谢兄弟, 2
公之言, 1
列阵, 2
伯仲, 1
雷震, 1
杨范, 4
范三人, 1
但觉若, 1
殷老, 1
杨先生, 1
连三僧, 1
索令, 1
徐寻, 1
杨逍与, 3
杨殷, 2
成剑, 1
尚自双, 1
武学无, 1
一至于斯, 1
须弥山, 4
招式中, 1
拉远, 1
杨逍最, 1
杨逍竟, 1
杨逍拉, 1
殷大哥, 1
弓弦, 1
杨逍诸, 1
于离寺, 1
子团圆, 1
越聚越, 1
山林隐逸, 1
夏胄, 29
太过谦, 1
明哲保身, 1
司徒千钟, 36
史前, 6
黄蓉究, 1
戴孝, 1
明教棚, 2
齐听, 1
武之士, 1
孔中便, 1
玄衣, 1
齐进齐, 1
翩逸, 1
凌波步, 1
玄色, 1
胜于蓝, 1
白如玉, 1
马尿, 1
杨逍走, 1
夏老, 5
僧尼, 2
夏兄, 1
方能胜, 1
栗栗自危, 1
齐聚, 1
青葛, 1
有何不妥, 1
叶长青, 4
司徒老儿, 1
招尤, 1
叶某, 1
藉藉无名, 1
黄汤, 1
史老大, 1
黑沙掌, 1
金鳌, 1
吴三郎, 1
那金刚, 1
常四, 1
宗二侠, 1
安天命, 2
欧阳兄, 2
欧阳牧之, 3
年高德劭, 1
那老尼, 2
阎王爷, 1
冷森森, 1
师太之, 1
尼冷冷, 1
焦雷, 1
静迦, 5
静迦师, 2
静迦道, 1
胡言, 1
大贤, 1
有德者, 1
居之, 1
二师叔, 1
施恩不望, 1
郭师祖, 1
双掌柔, 2
若虚, 1
平托, 1
来勤修, 1
杨逍执, 1
巨木飞, 1
巨木撞, 3
石中, 1
黄巾, 1
小加, 1
孙吴, 1
连胜, 3
老三, 1
何家数, 1
神光湛, 1
明之夕, 1
掌钵龙, 1
彭四娘, 3
宋大爷, 1
金顶绵, 4
左旋, 1
虎视耽耽, 1
茅塞, 1
拜你为师, 1
赵敏玉, 1
范某, 1
严阵, 1
俞二叔, 2
俞青, 1
黄雾, 1
于斯, 1
向杨, 1
柳絮, 1
浮萍, 1
游龙, 1
杨逍正, 1
掌力刚, 1
掌力再, 1
韦杨诸, 1
张三人, 1
宋夫人, 29
向知客, 1
阳至刚, 1
静慧师, 2
静慧, 13
铛铛, 1
伏在峰, 1
尚祈, 1
齐奏, 1
青鹤, 1
古波斯, 7
醉八仙, 1
白佛言, 1
慧眼, 1
若复, 2
释迦牟尼, 1
歌利王, 1
掌力实, 1
双松, 1
向二僧, 1
内劲微, 1
成昆固, 1
比成昆, 1
成昆斗, 1
太辣, 1
成昆太, 1
冷风吹, 1
成昆久, 1
掌力吐, 1
左肩微, 1
立明, 1
成昆先, 1
但成昆, 1
雁翎, 1
邱老, 1
邱兄, 1
大鹏, 1
太虚子, 2
淌混水, 1
向峰, 1
白龙, 1
周详, 1
杨逍于, 1
无德, 1
立悟, 1
马上马, 1
范杨二, 1
马刀, 1
万夫长, 3
杨逍喜, 1
辛兄, 1
高达丈, 1
令非, 1
玄铁混, 1
金刚砂, 1
干将莫邪, 1
吴兄, 2
吴大哥, 2
易其主, 1
元兵东, 1
了敏妹, 1
巧招, 1
连赵敏, 1
成芷若, 1
美玉, 1
呼三杖, 1
令当, 1
封官, 1
武穆, 7
牛头山, 3
小胜, 1
殷三侠, 1
卓越, 3
巨木二旗, 1
南首旗, 1
徐常, 9
徐达笑, 1
徐达之, 1
祝捷, 1
老常, 1
徐达满, 1
达奇, 1
克承, 1
暴君, 1
克成, 1
洪武, 1
崇祯, 1
达旦, 1
向静慧, 1
慧师太, 1
小兄, 1
雪藕, 1
红玉, 1
芷若伏, 1
尔舍, 1
钟磬, 1
和群僧, 1
那首歌, 1
和和睦睦, 1
赵二女, 3
须答允, 1
冷清清, 1
连梦魂, 1
殷离笑, 1
仁恕, 1
宿营, 1
徐兄, 2
东路军, 1
门之义, 1
由莲舟, 1
温勉, 1
张士诚, 1
方国珍, 1
邓愈二, 1
廖永忠, 2
莫留, 1
瓦解冰消, 1
于濠州, 1
登基, 1
格格轻, 1
赵家, 1
杨过深, 1
道德, 1
